Workbook

Sheet 1. Metodologia NewCare
C1: OPTIMUS HEALTH IPS • SEDE PRINCIPAL SINCELEJO, SUCRE
C2: MODELO DE SELECCIÓN Y BAREMACIÓN DE PERSONAL ASISTENCIAL • PROGRAMA NEWCARE (FUNDACIÓN NEW HEALTH)
A4: 1. MARCO NORMATIVO, INSTITUCIONAL Y METODOLÓGICO
A5: Resolución 3100 de 2019 (Minsalud Colombia) | B5: Estándar de Talento Humano del Sistema Único de Habilitación en Salud para modalidades Intramural y Extramural Domiciliaria.
A6: Ley 1733 de 2014 (Ley Consuelo Devis Saavedra) | B6: Regula los servicios de Cuidados Paliativos para pacientes con enfermedades crónicas, degenerativas e irreversibles en Colombia.
A7: Metodología NEWPALEX® / NewCare (Fundación New Health) | B7: Estándar 2.4.2 y Cap. 3: Definición objetiva de Criterios de Selección, Baremación y Competencias del Equipo Asistencial.
A8: Política de Calidad y Talento Humano Optimus Health IPS | B8: Asegurar la selección del personal más idóneo técnica y humanamente para la atención de Insuficiencias Orgánicas Crónicas Complejas (IOCC).
A10: 2. ARQUITECTURA DE EVALUACIÓN TRIÁDICA (100 PUNTOS)
A11: Componente Evaluativo | B11: Ponderación | C11: Puntos Máx. | D11: Instrumento / Técnica | E11: Objetivo Evaluado | F11: Responsable Directo
A12: Valoración de Hoja de Vida (CV) | B12: 50% | C12: 50 | D12: Matriz de Baremos Documentales | E12: Acreditar experiencia laboral general y específica (IOCC/Paliativos/Domicilio), posgrados, docencia, investigación y gestión. | F12: Comité de Selección y TH
A13: Evaluación Psicotécnica | B13: 20% | C13: 20 | D13: Batería CPR (60%) + DAS (40%) | E13: Evaluar personalidad resistente (compromiso, control, reto), resiliencia ante el sufrimiento y actitudes funcionales. | F13: Psicología Organizacional
A14: Entrevista Semiestructurada | B14: 30% | C14: 30 | D14: Entrevista por Competencias New Health (9 dimensiones) | E14: Explorar vocación en crónicos, empatía, manejo de malas noticias (SPIKES), trabajo en equipo y juicio bioético. | F14: Líder del Programa + Dirección Médica
A15: TOTAL BAREMO NEWCARE | B15: 100% | C15: 100 | D15: Calificación Consolidada Ponderada | E15: Calificación global para selección definitiva, contratación y plan de formación continuada en los primeros 90 días. | F15: Dirección Médica Optimus Health
A17: 3. ESCALA OFICIAL DE DICTAMEN DE IDONEIDAD
A18: >= 85.0 Puntos | B18: IDÓNEO SOBRESALIENTE | C18: Cumple con el perfil de excelencia NewCare. Asignación inmediata al equipo tratante o gestión de casos sin condicionamiento.
A19: 70.0 - 84.9 Puntos | B19: IDÓNEO CONDICIONADO | C19: Apto para contratación. Requiere inducción intensiva y plan de capacitación prioritario NewCare en los primeros 90 días.
A20: < 70.0 Puntos | B20: NO IDÓNEO | C20: No alcanza el umbral de idoneidad exigido por los estándares de la Fundación New Health. Descartado del proceso.
A24: CPR = Cuestionario de Personalidad Resistente (60%) | B24: Mide la capacidad del profesional para afrontar situaciones de estrés clínico extremo, dolor e incertidumbre sin quemarse (resistencia al síndrome de Burnout) y transformando el estrés en una experiencia de aprendizaje.
A26: Dimensión del CPR | B26: ¿Qué evalúa en el profesional de salud? | D26: Aplicación Práctica
A27: Compromiso (Commitment) | B27: El sentido de propósito e implicación vocacional con su labor. | D27: Que el médico, enfermera o terapeuta vea el cuidado de personas crónicas como una labor digna y valiosa, y no como un simple trámite administrativo.
A28: Control (Control) | B28: El "locus de control interno"; la convicción de que uno puede influir activamente en los acontecimientos mediante sus propias decisiones y habilidades. | D28: Que ante una crisis o descompensación domiciliaria, el profesional no se sienta una víctima indefensa de las circunstancias, sino un agente resolutivo y proactivo.
A29: Reto o Desafío (Challenge) | B29: Percibir los cambios, la complejidad y las dificultades como oportunidades de crecimiento y aprendizaje, no como amenazas destructivas. | D29: Que la incertidumbre clínica o la evolución tórpida de un paciente no lo desborde emocionalmente, sino que motive la búsqueda interdisciplinar de soluciones.
A32: DAS = Dysfunctional Attitude Scale (40%) | B32: Evalúa las creencias rígidas, esquemas irracionales y distorsiones cognitivas que una persona tiene sobre sí misma, su trabajo y sus relaciones con los demás.

Sheet 2. Filtros Excluyentes SI-NO
C1: FILTROS EXCLUYENTES DE SELECCIÓN • CRITERIOS HABILITANTES MÍNIMOS
C2: Regla New Health: Cumplimiento 100% obligatorio. Un solo 'NO' descarta automáticamente la postulación.
B4: Candidato en Auditoría: | C4: Enf. Dayana Solipaz
A6: Código | B6: Requisito Excluyente Habilitante | C6: Sustento Normativo / Metodológico | D6: Aplica a Roles | E6: Medio de Verificación | F6: Condición | G6: Resultado
A7: FLT-01 | B7: Título Profesional Universitario oficial en salud (o convalidado en Colombia). | C7: Ley 30 de 1992, Res. 3100 de 2019 | D7: Todos los roles profesionales | E7: Diploma y Acta de Grado oficial | F7: Obligatorio (SÍ / NO) | G7: CUMPLE
A8: FLT-02 | B8: Inscripción activa en Registro Único Nacional del Talento Humano en Salud (ReTHUS). | C8: Ley 1164 de 2007 | D8: Todo el personal asistencial | E8: Consulta plataforma SISPRO ReTHUS | F8: Obligatorio (SÍ / NO) | G8: CUMPLE
A9: FLT-03 | B9: Tarjeta Profesional expedida por el colegio profesional respectivo vigente. | C9: Colegios Profesionales | D9: Todo el personal asistencial | E9: Carné o certificado colegiado | F9: Obligatorio (SÍ / NO) | G9: CUMPLE
A10: FLT-04 | B10: Certificado de Formación en Atención a Víctimas de Violencia Sexual (mínimo 40 horas). | C10: Resolución 459 de 2012 Minsalud | D10: Todo el personal asistencial | E10: Certificación académica válida | F10: Obligatorio (SÍ / NO) | G10: CUMPLE
A11: FLT-05 | B11: Certificado vigente de Soporte Vital Básico (BLS) o Avanzado (ACLS) menor a 2 años. | C11: Res. 3100 de 2019 Habilitación | D11: BLS: Aux/Ter / ACLS: Méd/Enf | E11: Certificado avalado AHA o IES | F11: Obligatorio (SÍ / NO) | G11: CUMPLE
A12: FLT-06 | B12: Ausencia absoluta de sanciones disciplinarias, ético-médicas, fiscales o penales. | C12: Tribunales Ética, Procuraduría | D12: Todo el personal asistencial | E12: Certificados de antecedentes vigentes | F12: Obligatorio (SÍ / NO) | G12: CUMPLE
A13: FLT-07 | B13: Experiencia asistencial clínica mínima certificada de 1 año en atención de adultos. | C13: Metodología NewCare Básico | D13: Médicos, Enfermeras, Terapeutas | E13: Certificaciones laborales formales | F13: Obligatorio (SÍ / NO) | G13: CUMPLE
A14: FLT-08 | B14: Disponibilidad demostrada para desplazamientos domiciliarios en Sincelejo y subregión. | C14: Modelo Extramural Optimus | D14: Equipo Extramural y Case Manager | E14: Acuerdo operativo en contrato | F14: Obligatorio (SÍ / NO) | G14: CUMPLE
A15: FLT-09 | B15: Compromiso expreso de vinculación al Plan de Formación y Certificación New Health. | C15: Cap. 9 NewCare (Desarrollo) | D15: Todo el personal asistencial | E15: Carta de compromiso suscrita | F15: Obligatorio (SÍ / NO) | G15: CUMPLE
A17: DICTAMEN GLOBAL DE HABILITACIÓN NORMATIVA Y FILTROS (GATEKEEPER) | G17: =IF(COUNTIF(G7:G15,"NO CUMPLE")>0, "NO CUMPLE (DESCARTADO)", "CUMPLE 100%") -> CUMPLE 100%

Sheet 3. Baremo CV (50 Puntos)
C1: BAREMO PONDERADO DE HOJA DE VIDA / CURRÍCULUM VITAE (MÁXIMO 50 PUNTOS)
C2: Distribución oficial New Health: Experiencia (15 pts) + Posgrados (6 pts) + Centros Referencia (7 pts) + Docencia (5.5 pts) + Publicaciones (4.5 pts) + Investigación (5 pts) + Idiomas (2 pts) + Gestión (5 pts)
A4: Dimensión Evaluada | B4: Peso Oficial | C4: Pts Máx | D4: Subcriterio Específico de Calificación | E4: Puntaje Asignado | F4: Tope Rubro | G4: Soporte Válido | H4: Criterio Auditoría New Health
A5: 1. Experiencia Laboral | B5: 30% | C5: 15 | D5: Experiencia laboral asistencial general en salud en servicios hospitalarios o ambulatorios (>1 año) | E5: 1.0 pt por año certificado | F5: 7 | G5: Certificaciones laborales de IPS | H5: Mínimo 1 año para puntuar
A6: 1. Experiencia Laboral | B6: 30% | C6: 15 | D6: Experiencia específica en Cuidados Paliativos, Insuficiencias Crónicas Complejas (IOCC) o Atención Domiciliaria | E6: 2.0 pts por año certificado | F6: 8 | G6: Certificaciones laborales detalladas | H6: Ponderación estratégica NewCare
A7: 2. Formación Postgrado | B7: 12% | C7: 6 | D7: Especialización médico-quirúrgica o Maestría clínica afín (Med. Interna, Familiar, Geriatría, Paliativos) | E7: 4.0 pts por título | F7: 4 | G7: Diploma y acta oficial de IES | H7: Acreditación universitaria
A8: 2. Formación Postgrado | B8: 12% | C8: 6 | D8: Diplomado formal en Cuidados Paliativos, Dolor o Insuficiencias Crónicas Complejas (>100 horas) | E8: 2.0 pts por diplomado | F8: 2 | G8: Certificado entidad académica | H8: Cursos menores a 80h no aplican
A9: 3. Centros de Referencia | B9: 14% | C9: 7 | D9: Rotación o pasantía clínica en Unidad o Centro acreditado en Cuidados Paliativos / Red New Health (Nac/Int) | E9: 3.5 pts por mes rotación | F9: 7 | G9: Certificado oficial del centro | H9: Reconocimiento específico NewCare
A10: 4. Actividad Docente | B10: 11% | C10: 5.5 | D10: Docencia universitaria de pregrado o posgrado en facultades del área de la salud | E10: 1.5 pts por semestre | F10: 3 | G10: Certificación universitaria | H10: Cátedras de medicina o enfermería
A11: 4. Actividad Docente | B11: 11% | C11: 5.5 | D11: Docente o facilitador en programas de educación a cuidadores, agentes comunitarios o formación en salud | E11: 1.0 pt por curso | F11: 2.5 | G11: Certificado de relatoría/docencia | H11: Alineado a redes comunitarias
A12: 5. Publicaciones | B12: 9% | C12: 4.5 | D12: Artículo publicado en revista científica indexada (Pubmed, Scielo, Redalyc) sobre crónicos, paliativos o salud pública | E12: 2.5 pts por artículo | F12: 4.5 | G12: Copia del artículo con DOI/ISSN | H12: Primer autor o coautor
A13: 5. Publicaciones | B13: 9% | C13: 4.5 | D13: Capítulo de libro, guía de práctica clínica o manual institucional publicado con depósito legal | E13: 1.5 pts por publicación | F13: 3 | G13: Registro ISBN / Depósito legal | H13: Publicación formal
A14: 6. Investigación | B14: 10% | C14: 5 | D14: Investigador en grupo categorizado por MinCiencias o semillero institucional avalado | E14: 2.5 pts por proyecto activo | F14: 5 | G14: Certificado MinCiencias / CvLAC | H14: Investigación biomédica o social
A15: 7. Idiomas | B15: 4% | C15: 2 | D15: Dominio certificado de segundo idioma (Inglés técnico nivel B2 o superior para lectura de evidencia) | E15: 2.0 pts (Nivel B2 o C1) | F15: 2 | G15: Certificado examen oficial | H15: Lectura de literatura científica
A16: 8. Gestión y Calidad | B16: 10% | C16: 5 | D16: Experiencia demostrada en coordinación de servicios de salud, auditoría médica o gestión de casos (Case Management) | E16: 2.5 pts por año de gestión | F16: 5 | G16: Certificado de cargo de coordinación | H16: Requisito clave para Líder y Case Manager
A17: TOTAL BAREMO CV | B17: 100% | C17: 50 | D17: SUMATORIA PONDERADA DE EVALUACIÓN DE HOJA DE VIDA | E17: PUNTUACIÓN MÁXIMA POSIBLE | F17: 50 | G17: EXPEDIENTE VERIFICADO | H17: PASA A FASE PSICOTÉCNICA Y ENTREVISTA

Sheet 4. Psicotecnico y Entrevista
C1: EVALUACIÓN PSICOTÉCNICA (20 PTS) Y ENTREVISTA POR COMPETENCIAS (30 PTS)
C2: Evaluación de personalidad resistente (CPR), actitudes funcionales (DAS) y las 9 dimensiones de la Fundación New Health
A4: A. COMPONENTE PSICOTÉCNICO (20 PUNTOS MÁXIMOS)
A5: Batería Psicométrica | B5: Peso Relativo | C5: Puntos Máx. | D5: Factores Evaluados | E5: Criterio de Idoneidad | F5: Rango de Puntuación | G5: Percentil Test (0-100) | H5: Puntaje Obtenido (Pts) | I5: Dictamen Parcial | K5: CALIFICADOR PSICO-RELACIONAL EN VIVO
A6: Cuestionario de Personalidad Resistente (CPR) | B6: 60% del test | C6: 12 | D6: Compromiso (identificación con su rol de cuidado), Control (locus de control interno y autorregulación), Reto (adaptabilidad y crecimiento ante la adversidad). | E6: Puntuación percentil >= 65 en las subescalas. | F6: 0.0 a 12.0 Puntos | G6: 75 | H6: =IF(G6="","",ROUND((G6/100)*C6,2)) -> 9 | I6: =IF(G6="","",IF(G6>=65,"IDÓNEO (ALTA RESISTENCIA)","VULNERABLE (BAJO)")) -> IDÓNEO (ALTA RESISTENCIA) | K6: Candidato en Evaluación: | M6: Dr. Julio Herrera
A7: Escala de Actitudes Disfuncionales (DAS) | B7: 40% del test | C7: 8 | D7: Necesidad de aprobación externa, perfeccionismo rígido, omnipotencia profesional vs. autonomía y aceptación de límites terapéuticos. | E7: Puntuaciones bajas en disfuncionalidad (Percentil < 40). | F7: 0.0 a 8.0 Puntos | G7: 25 | H7: =IF(G7="","",ROUND((1-(G7/100))*C7,2)) -> 6 | I7: =IF(G7="","",IF(G7<=40,"IDÓNEO (BAJA DISFUNCIÓN)","ALTO RIESGO DISFUNCIONAL")) -> IDÓNEO (BAJA DISFUNCIÓN) | K7: Puntaje Psicotécnico (Máx 20): | M7: =H8 -> 15
A8: SUBTOTAL PSICOTÉCNICO | B8: 100% | C8: 20 | D8: Evaluación de estabilidad emocional, afrontamiento del duelo y resistencia al desgaste profesional (Burnout). | E8: Mínimo 14.0 Puntos requeridos para idoneidad. | F8: 0.0 a 20.0 Puntos | G8: SUBTOTAL | H8: =IF(COUNT(H6:H7)=0,"",ROUND(H6+H7,2)) -> 15 | I8: =IF(H8="","",IF(H8>=14,"APTO PSICOTÉCNICO","CONDICIONADO")) -> APTO PSICOTÉCNICO | K8: Puntaje Entrevista (Máx 30): | M8: =I21 -> 25.67
K9: TOTAL ETAPA PSICO-RELACIONAL (Máx 50): | M9: =H8+I21 -> 40.67
A10: B. ENTREVISTA SEMIESTRUCTURADA DE COMPETENCIAS NEW HEALTH (30 PUNTOS MÁXIMOS) | K10: Dictamen Parcial de la Etapa: | M10: =IF(M9="","",IF(M9>=42,"SOBRESALIENTE",IF(M9>=35,"IDÓNEO CONDICIONADO","NO IDÓNEO"))) -> IDÓNEO CONDICIONADO
A11: N° | B11: Variable / Competencia NewCare | C11: Descriptores Conductuales Observables (Escala 0 a 10) | D11: Nivel Bajo (0-4) | E11: Nivel Medio (5-7) | F11: Nivel Alto (8-10) | G11: Puntos | H11: Nota Evaluador (0 a 10) | I11: Puntaje Ponderado
A12: 1 | B12: Motivación y Vocación en Crónicos | C12: Interés genuino por el alivio del sufrimiento en cronicidad avanzada y cuidados paliativos. | D12: Poco interés, motivación meramente transaccional. | E12: Conoce el modelo, interés estándar. | F12: Alta vocación, pasión por el cuidado digno y alivio del sufrimiento. | G12: 3.33 | H12: 9 | I12: =IF(H12="","",ROUND((H12/10)*G12,2)) -> 3
A13: 2 | B13: Trabajo en Equipo Interdisciplinar | C13: Capacidad de cooperar activamente con médicos, enfermería, psicosociales y red comunitaria. | D13: Aislamiento o jerarquía rígida e impositiva. | E13: Colabora si se le solicita, cumple su rol. | F13: Fomenta sinergia, liderazgo horizontal y respeto interprofesional. | G13: 3.33 | H13: 8.5 | I13: =IF(H13="","",ROUND((H13/10)*G13,2)) -> 2.83
A14: 3 | B14: Manejo de Conflictos y Crisis | C14: Afrontamiento sereno de desacuerdos familiares, claudicación del cuidador y urgencias. | D14: Se bloquea ante la tensión o confronta al usuario. | E14: Maneja tensión estándar con apoyo. | F14: Gran templanza, mediación asertiva y contención de crisis familiares. | G14: 3.33 | H14: 8 | I14: =IF(H14="","",ROUND((H14/10)*G14,2)) -> 2.66
A15: 4 | B15: Trato Humano y Calidez (Compasión) | C15: Expresión de cercanía, respeto por la dignidad, ternura y validación emocional del paciente. | D15: Trato frío, tecnicista, distante del paciente. | E15: Trato cordial y educado convencional. | F15: Calidez humana excepcional, empatía profunda y escucha compasiva. | G15: 3.33 | H15: 9 | I15: =IF(H15="","",ROUND((H15/10)*G15,2)) -> 3
A16: 5 | B16: Escucha Activa y Empatía | C16: Habilidad para captar preocupaciones no verbales, miedos y valores de vida del paciente. | D16: Interrumpe, centrado en diligenciar formatos. | E16: Escucha los síntomas biológicos. | F16: Escucha integral en las cuatro dimensiones del ser humano. | G16: 3.33 | H16: 8.5 | I16: =IF(H16="","",ROUND((H16/10)*G16,2)) -> 2.83
A17: 6 | B17: Comunicación de Malas Noticias | C17: Manejo de pronósticos difíciles, metas de cuidado y conspiración de silencio (Protocolo SPIKES). | D17: Evasivo, brusco o incapacidad de contención. | E17: Comunica diagnóstico pero sin soporte emocional. | F17: Domina comunicación asertiva y acompañamiento en la verdad soportable. | G17: 3.34 | H17: 8 | I17: =IF(H17="","",ROUND((H17/10)*G17,2)) -> 2.67
A18: 7 | B18: Seguridad en Sí Mismo y Juicio Clínico | C18: Solvencia en toma de decisiones clínicas y éticas en situaciones de incertidumbre o final de vida. | D18: Inseguridad clínica constante, delega todo. | E18: Decisiones rutinarias correctas. | F18: Criterio clínico sólido, autonomía responsable y deliberación bioética. | G18: 3.34 | H18: 8.5 | I18: =IF(H18="","",ROUND((H18/10)*G18,2)) -> 2.84
A19: 8 | B19: Apertura al Aprendizaje y Calidad | C19: Receptividad a la retroalimentación, auditoría de calidad y formación continuada NewCare. | D19: Resistencia al cambio, reactivo ante observaciones. | E19: Acepta recomendaciones obligatorias. | F19: Proactivo, ávido de aprendizaje continuo y mejora de la práctica clínica. | G19: 3.33 | H19: 9 | I19: =IF(H19="","",ROUND((H19/10)*G19,2)) -> 3
A20: 9 | B20: Orientación al Cuidador y Comunidad | C20: Sensibilidad hacia la sobrecarga del cuidador (Zarit) y creación de redes de apoyo en Sincelejo. | D20: Ignora al cuidador, se enfoca solo en la patología. | E20: Identifica al cuidador pero sin plan de apoyo. | F20: Integra a la familia como unidad de cuidado y activa redes comunitarias. | G20: 3.34 | H20: 8.5 | I20: =IF(H20="","",ROUND((H20/10)*G20,2)) -> 2.84
A21: TOTAL MÁXIMO ENTREVISTA POR COMPETENCIAS (Fórmula: Promedio de notas 0-10 * 3.0 puntos) | G21: 30 | H21: =IF(COUNT(H12:H20)=0,"",ROUND(AVERAGE(H12:H20),2)) -> 8.56 | I21: =IF(COUNT(H12:H20)=0,"",ROUND(SUM(I12:I20),2)) -> 25.67

Sheet 5. Fichas de Cargo NewCare
C1: CATÁLOGO DE PERFILES, COMPETENCIAS Y RESPONSABILIDADES • OPTIMUS HEALTH
C2: Estructura alineada con el Organigrama de la IPS y los Estándares de la Fundación New Health
A4: Rol / Cargo en el Programa | B4: Profesional Designado | C4: Nivel Complejidad | D4: Requisitos Académicos Mínimos | E4: Experiencia Mínima | F4: Competencias Clave NewCare | G4: Funciones Principales en el Modelo
A5: Director Médico / Líder NewCare | B5: Dr. Julio Herrera | C5: Transversal (Media y Alta) | D5: Médico Especialista en Medicina Interna o Geriatría con formación en Cuidados Paliativos y Dirección en Salud. | E5: >= 3 años clínico, >= 2 años dirección | F5: Liderazgo colaborativo, visión integradora, interlocución con EPS, aseguramiento de estándares NewCare. | G5: Liderar clínicamente el programa, presidir la Junta de Cronicidad Clínica, validar planes PAII de alta complejidad, supervisar auditorías de calidad.
A6: Coordinadora Asistencial | B6: Enf. Dayana Solipaz | C6: Transversal Operativa | D6: Profesional en Enfermería o área de la salud con experiencia en administración o gerencia de servicios. | E6: >= 2 años en coordinación | F6: Gestión operativa de recursos, monitoreo de oportunidad, liderazgo de equipos y seguimiento a indicadores. | G6: Coordinar la operación del programa, gestionar agendas y rutas, supervisar el cumplimiento de actividades y evaluar metas de cobertura.
A7: Gestor de Casos (Case Manager) | B7: Enf. Maria Isabel Borja | C7: Transversal (Media y Alta) | D7: Profesional en Enfermería con diplomado en Cuidados Paliativos o Gestión de Casos Crónicos. | E7: >= 2 años asistencial / domiciliaria | F7: Coordinación sociosanitaria, seguimiento proactivo, empatía, manejo de transiciones y comunicación fluida. | G7: Monitorear la cohorte activa, coordinar transiciones hospital-domicilio, asegurar oportunidad de citas y medicamentos, enlace permanente con la familia.
A8: Médico Especialista Internista | B8: Dr. Jhair Martinez | C8: Alta Complejidad | D8: Médico Especialista en Medicina Interna debidamente titulado y registrado en ReTHUS. | E8: >= 3 años en crónicos avanzados | F8: Manejo integral de comorbilidades complejas, titulación de tratamientos avanzados y ajuste terapéutico. | G8: Realizar valoraciones especializadas, orientar decisiones clínicas complejas, participar en Junta de Cronicidad y adecuar el esfuerzo terapéutico.
A9: Médico Especialista Intensivista | B9: Dr. Pedro Herrera | C9: Alta Complejidad | D9: Médico Especialista en Cuidado Intensivo debidamente registrado en ReTHUS. | E9: >= 3 años en UCI | F9: Manejo de falla orgánica múltiple, soporte invasivo y adecuación terapéutica en agudizaciones. | G9: Soporte en descompensaciones críticas, asesoría en transición a cuidados paliativos y bioética en limitación de soporte.
A10: Médico Especialista Pediatra | B10: Dra. Janna Arboleda | C10: Alta Complejidad Pediátrica | D10: Médico Especialista en Pediatría con ReTHUS. | E10: >= 2 años en pediatría clínica | F10: Manejo de condiciones crónicas complejas pediátricas, soporte a padres y cuidadores. | G10: Atención y seguimiento de casos crónicos pediátricos que ingresen a la ruta de atención institucional.
A11: Médico General Domiciliario / Ambulatorio | B11: Por Definir / En Proceso | C11: Básica y Media Complejidad | D11: Médico General con registro ReTHUS. Deseable formación en dolor y cronicidad. | E11: >= 1 año asistencial | F11: Valoración multidimensional, titulación de analgesia, manejo de descompensaciones en domicilio. | G11: Realizar valoraciones multidimensionales, formular y actualizar el PAI, atender descompensaciones domiciliarias y reportar a la Jefatura.
A12: Auxiliares de Enfermería Domiciliaria | B12: Edgardo Navarro, Luis Carlos Ricardo, Luis Sampayo, Nubia Solorzano, Maria Alejandra Martinez | C12: Básica y Media Complejidad | D12: Técnicos Laborales en Auxiliar de Enfermería con registro ReTHUS y BLS vigente. | E12: >= 1 año en crónicos / domicilio | F12: Calidez, toma rigurosa de signos vitales, higiene y confort, cambios posturales, prevención de caídas y UPP. | G12: Cuidado directo en domicilio, administración segura de medicamentos, educación práctica al cuidador y alerta temprana de descompensación.
A13: Fisioterapeuta | B13: Mara Salcedo | C13: Básica y Media Complejidad | D13: Profesional en Fisioterapia con ReTHUS. Formación en rehabilitación del adulto mayor. | E13: >= 1 año en rehabilitación | F13: Mantenimiento funcional, fisioterapia respiratoria en EPOC, movilización segura y prevención de atrofia. | G13: Ejecutar pautas de rehabilitación motora y respiratoria según PAI, capacitar al cuidador en movilización y transferencias seguras.
A14: Fonoaudiólogo | B14: Melisa Aldana | C14: Media y Alta Complejidad | D14: Profesional en Fonoaudiología con ReTHUS. | E14: >= 1 año en deglución/comunicación | F14: Evaluación de disfagia neurogénica/estructural, prevención de broncoaspiración, comunicación adaptativa. | G14: Valorar y rehabilitar trastornos de deglución y comunicación, orientar consistencias de dieta y técnicas de alimentación segura.
A15: Psicólogo | B15: Angélica Monterroza | C15: Transversal | D15: Profesional en Psicología con ReTHUS. Formación en Psicología Clínica, de la Salud o Duelo. | E15: >= 2 años en salud / crónicos | F15: Contención emocional, manejo del impacto diagnóstico, ansiedad, depresión y claudicación del cuidador (Zarit). | G15: Brindar apoyo psicológico continuo al paciente y familia, facilitar la Planificación Anticipada de Decisiones (PAD) y duelo.
... A17: Trabajador Social | B17: Tatiana Guerra | C17: Transversal | D17: Profesional en Trabajo Social con ReTHUS. | E17: >= 2 años en salud comunitaria | F17: Diagnóstico sociofamiliar (Gijón), activación de redes de apoyo, gestión comunitaria y voluntariado. | G17: Evaluar riesgos sociales familiares, articular recursos comunitarios en Sincelejo, dinamizar el voluntariado y la asamblea de pacientes.

Sheet 6. Registro y Evaluador
C1: REGISTRO Y CALIFICACIÓN AUTOMATIZADA DE CANDIDATOS • AUDITORÍA NEW HEALTH
C2: Evaluación objetiva con cálculo automático de ponderaciones y dictamen de idoneidad institucional
A4: N° | B4: Nombre del Profesional / Candidato | C4: Cargo / Rol Postulado | D4: Filtros SI-NO (FLT) | E4: Calificación CV (Máx 50) | F4: Calificación Psicotécnico (Máx 20) | G4: Calificación Entrevista (Máx 30) | H4: PUNTAJE FINAL (Máx 100) | I4: DICTAMEN FINAL DE AUDITORÍA | K4: CUADRO DE MANDO EJECUTIVO (KPIs EN VIVO)
A5: 1 | B5: Dr. Julio Herrera | C5: Director Médico / Líder NewCare | D5: =IF(B5="","",IF(B5='2. Filtros Excluyentes SI-NO'!$C$4, '2. Filtros Excluyentes SI-NO'!$G$17, "CUMPLE 100%")) -> CUMPLE 100% | E5: 47 | F5: 18.5 | G5: 28.5 | H5: =IF(B5="","",IF(D5<>"CUMPLE 100%",0,ROUND(E5+F5+G5,1))) -> 94 | I5: =IF(B5="","",IF(D5<>"CUMPLE 100%","NO IDÓNEO (DESCARTADO EN FILTROS HABILITANTES)",IF(H5>=85,"IDÓNEO SOBRESALIENTE",IF(H5>=70,"IDÓNEO CONDICIONADO","NO IDÓNEO")))) -> IDÓNEO SOBRESALIENTE | K5: Total Candidatos Registrados | M5: =COUNTIF(B5:B35, "?*") -> 16
A6: 2 | B6: Enf. Dayana Solipaz | C6: Coordinadora Asistencial | D6: =IF(B6="","",IF(B6='2. Filtros Excluyentes SI-NO'!$C$4, '2. Filtros Excluyentes SI-NO'!$G$17, "CUMPLE 100%")) -> CUMPLE 100% | E6: 44 | F6: 17 | G6: 27 | H6: =IF(B6="","",IF(D6<>"CUMPLE 100%",0,ROUND(E6+F6+G6,1))) -> 88 | I6: =IF(B6="","",IF(D6<>"CUMPLE 100%","NO IDÓNEO (DESCARTADO EN FILTROS HABILITANTES)",IF(H6>=85,"IDÓNEO SOBRESALIENTE",IF(H6>=70,"IDÓNEO CONDICIONADO","NO IDÓNEO")))) -> IDÓNEO SOBRESALIENTE | K6: Superan Filtros Habilitantes | M6: =COUNTIFS(B5:B35, "?*", D5:D35, "CUMPLE 100%") -> 16
A7: 3 | B7: Enf. Maria Isabel Borja | C7: Gestor de Casos (Case Manager) | D7: =IF(B7="","",IF(B7='2. Filtros Excluyentes SI-NO'!$C$4, '2. Filtros Excluyentes SI-NO'!$G$17, "CUMPLE 100%")) -> CUMPLE 100% | E7: 43.5 | F7: 17.5 | G7: 27.5 | H7: =IF(B7="","",IF(D7<>"CUMPLE 100%",0,ROUND(E7+F7+G7,1))) -> 88.5 | I7: =IF(B7="","",IF(D7<>"CUMPLE 100%","NO IDÓNEO (DESCARTADO EN FILTROS HABILITANTES)",IF(H7>=85,"IDÓNEO SOBRESALIENTE",IF(H7>=70,"IDÓNEO CONDICIONADO","NO IDÓNEO")))) -> IDÓNEO SOBRESALIENTE | K7: Idóneos Sobresalientes (>=85) | M7: =COUNTIF(I5:I35, "IDÓNEO SOBRESALIENTE") -> 7
A8: 4 | B8: Dr. Jhair Martinez | C8: Médico Especialista Internista | D8: =IF(B8="","",IF(B8='2. Filtros Excluyentes SI-NO'!$C$4, '2. Filtros Excluyentes SI-NO'!$G$17, "CUMPLE 100%")) -> CUMPLE 100% | E8: 46.5 | F8: 18 | G8: 28 | H8: =IF(B8="","",IF(D8<>"CUMPLE 100%",0,ROUND(E8+F8+G8,1))) -> 92.5 | I8: =IF(B8="","",IF(D8<>"CUMPLE 100%","NO IDÓNEO (DESCARTADO EN FILTROS HABILITANTES)",IF(H8>=85,"IDÓNEO SOBRESALIENTE",IF(H8>=70,"IDÓNEO CONDICIONADO","NO IDÓNEO")))) -> IDÓNEO SOBRESALIENTE | K8: Idóneos Condicionados (70-84) | M8: =COUNTIF(I5:I35, "IDÓNEO CONDICIONADO") -> 9
A9: 5 | B9: Dr. Pedro Herrera | C9: Médico Especialista Intensivista | D9: =IF(B9="","",IF(B9='2. Filtros Excluyentes SI-NO'!$C$4, '2. Filtros Excluyentes SI-NO'!$G$17, "CUMPLE 100%")) -> CUMPLE 100% | E9: 47 | F9: 18 | G9: 27.5 | H9: =IF(B9="","",IF(D9<>"CUMPLE 100%",0,ROUND(E9+F9+G9,1))) -> 92.5 | I9: =IF(B9="","",IF(D9<>"CUMPLE 100%","NO IDÓNEO (DESCARTADO EN FILTROS HABILITANTES)",IF(H9>=85,"IDÓNEO SOBRESALIENTE",IF(H9>=70,"IDÓNEO CONDICIONADO","NO IDÓNEO")))) -> IDÓNEO SOBRESALIENTE | K9: Descartados / No Idóneos | M9: =COUNTIFS(B5:B35, "?*", I5:I35, "*NO*") -> 0
A10: 6 | B10: Dra. Janna Arboleda | C10: Médico Especialista Pediatra | D10: =IF(B10="","",IF(B10='2. Filtros Excluyentes SI-NO'!$C$4, '2. Filtros Excluyentes SI-NO'!$G$17, "CUMPLE 100%")) -> CUMPLE 100% | E10: 45 | F10: 17.5 | G10: 27 | H10: =IF(B10="","",IF(D10<>"CUMPLE 100%",0,ROUND(E10+F10+G10,1))) -> 89.5 | I10: =IF(B10="","",IF(D10<>"CUMPLE 100%","NO IDÓNEO (DESCARTADO EN FILTROS HABILITANTES)",IF(H10>=85,"IDÓNEO SOBRESALIENTE",IF(H10>=70,"IDÓNEO CONDICIONADO","NO IDÓNEO")))) -> IDÓNEO SOBRESALIENTE | K10: Promedio de Puntaje (Aprobados) | M10: =IFERROR(ROUND(AVERAGEIF(H5:H35, ">0"), 1), 0) -> 82.1
A11: 7 | B11: Mara Salcedo | C11: Profesional de Fisioterapia | D11: =IF(B11="","",IF(B11='2. Filtros Excluyentes SI-NO'!$C$4, '2. Filtros Excluyentes SI-NO'!$G$17, "CUMPLE 100%")) -> CUMPLE 100% | E11: 38.5 | F11: 15.5 | G11: 24.5 | H11: =IF(B11="","",IF(D11<>"CUMPLE 100%",0,ROUND(E11+F11+G11,1))) -> 78.5 | I11: =IF(B11="","",IF(D11<>"CUMPLE 100%","NO IDÓNEO (DESCARTADO EN FILTROS HABILITANTES)",IF(H11>=85,"IDÓNEO SOBRESALIENTE",IF(H11>=70,"IDÓNEO CONDICIONADO","NO IDÓNEO")))) -> IDÓNEO CONDICIONADO | K11: Tasa de Aprobación Global | M11: =IF(M5=0, 0, ROUND((M7+M8)/M5, 3)) -> 1
A12: 8 | B12: Melisa Aldana | C12: Profesional de Fonoaudiología | D12: =IF(B12="","",IF(B12='2. Filtros Excluyentes SI-NO'!$C$4, '2. Filtros Excluyentes SI-NO'!$G$17, "CUMPLE 100%")) -> CUMPLE 100% | E12: 38 | F12: 15 | G12: 24 | H12: =IF(B12="","",IF(D12<>"CUMPLE 100%",0,ROUND(E12+F12+G12,1))) -> 77 | I12: =IF(B12="","",IF(D12<>"CUMPLE 100%","NO IDÓNEO (DESCARTADO EN FILTROS HABILITANTES)",IF(H12>=85,"IDÓNEO SOBRESALIENTE",IF(H12>=70,"IDÓNEO CONDICIONADO","NO IDÓNEO")))) -> IDÓNEO CONDICIONADO
A13: 9 | B13: Angélica Monterroza | C13: Profesional de Psicología | D13: =IF(B13="","",IF(B13='2. Filtros Excluyentes SI-NO'!$C$4, '2. Filtros Excluyentes SI-NO'!$G$17, "CUMPLE 100%")) -> CUMPLE 100% | E13: 42 | F13: 17 | G13: 27.5 | H13: =IF(B13="","",IF(D13<>"CUMPLE 100%",0,ROUND(E13+F13+G13,1))) -> 86.5 | I13: =IF(B13="","",IF(D13<>"CUMPLE 100%","NO IDÓNEO (DESCARTADO EN FILTROS HABILITANTES)",IF(H13>=85,"IDÓNEO SOBRESALIENTE",IF(H13>=70,"IDÓNEO CONDICIONADO","NO IDÓNEO")))) -> IDÓNEO SOBRESALIENTE
A14: 10 | B14: Sara Chavez | C14: Profesional de Nutrición | D14: =IF(B14="","",IF(B14='2. Filtros Excluyentes SI-NO'!$C$4, '2. Filtros Excluyentes SI-NO'!$G$17, "CUMPLE 100%")) -> CUMPLE 100% | E14: 39 | F14: 15.5 | G14: 25 | H14: =IF(B14="","",IF(D14<>"CUMPLE 100%",0,ROUND(E14+F14+G14,1))) -> 79.5 | I14: =IF(B14="","",IF(D14<>"CUMPLE 100%","NO IDÓNEO (DESCARTADO EN FILTROS HABILITANTES)",IF(H14>=85,"IDÓNEO SOBRESALIENTE",IF(H14>=70,"IDÓNEO CONDICIONADO","NO IDÓNEO")))) -> IDÓNEO CONDICIONADO
A15: 11 | B15: Tatiana Guerra | C15: Profesional de Trabajo Social | D15: =IF(B15="","",IF(B15='2. Filtros Excluyentes SI-NO'!$C$4, '2. Filtros Excluyentes SI-NO'!$G$17, "CUMPLE 100%")) -> CUMPLE 100% | E15: 41.5 | F15: 16.5 | G15: 26.5 | H15: =IF(B15="","",IF(D15<>"CUMPLE 100%",0,ROUND(E15+F15+G15,1))) -> 84.5 | I15: =IF(B15="","",IF(D15<>"CUMPLE 100%","NO IDÓNEO (DESCARTADO EN FILTROS HABILITANTES)",IF(H15>=85,"IDÓNEO SOBRESALIENTE",IF(H15>=70,"IDÓNEO CONDICIONADO","NO IDÓNEO")))) -> IDÓNEO CONDICIONADO
A16: 12 | B16: Edgardo Navarro | C16: Auxiliar de Enfermería Domiciliaria | D16: =IF(B16="","",IF(B16='2. Filtros Excluyentes SI-NO'!$C$4, '2. Filtros Excluyentes SI-NO'!$G$17, "CUMPLE 100%")) -> CUMPLE 100% | E16: 34 | F16: 15 | G16: 23 | H16: =IF(B16="","",IF(D16<>"CUMPLE 100%",0,ROUND(E16+F16+G16,1))) -> 72 | I16: =IF(B16="","",IF(D16<>"CUMPLE 100%","NO IDÓNEO (DESCARTADO EN FILTROS HABILITANTES)",IF(H16>=85,"IDÓNEO SOBRESALIENTE",IF(H16>=70,"IDÓNEO CONDICIONADO","NO IDÓNEO")))) -> IDÓNEO CONDICIONADO
A17: 13 | B17: Luis Carlos Ricardo | C17: Auxiliar de Enfermería Domiciliaria | D17: =IF(B17="","",IF(B17='2. Filtros Excluyentes SI-NO'!$C$4, '2. Filtros Excluyentes SI-NO'!$G$17, "CUMPLE 100%")) -> CUMPLE 100% | E17: 33.5 | F17: 14.5 | G17: 23.5 | H17: =IF(B17="","",IF(D17<>"CUMPLE 100%",0,ROUND(E17+F17+G17,1))) -> 71.5 | I17: =IF(B17="","",IF(D17<>"CUMPLE 100%","NO IDÓNEO (DESCARTADO EN FILTROS HABILITANTES)",IF(H17>=85,"IDÓNEO SOBRESALIENTE",IF(H17>=70,"IDÓNEO CONDICIONADO","NO IDÓNEO")))) -> IDÓNEO CONDICIONADO
A18: 14 | B18: Luis Sampayo | C18: Auxiliar de Enfermería Domiciliaria | D18: =IF(B18="","",IF(B18='2. Filtros Excluyentes SI-NO'!$C$4, '2. Filtros Excluyentes SI-NO'!$G$17, "CUMPLE 100%")) -> CUMPLE 100% | E18: 34.5 | F18: 15 | G18: 23 | H18: =IF(B18="","",IF(D18<>"CUMPLE 100%",0,ROUND(E18+F18+G18,1))) -> 72.5 | I18: =IF(B18="","",IF(D18<>"CUMPLE 100%","NO IDÓNEO (DESCARTADO EN FILTROS HABILITANTES)",IF(H18>=85,"IDÓNEO SOBRESALIENTE",IF(H18>=70,"IDÓNEO CONDICIONADO","NO IDÓNEO")))) -> IDÓNEO CONDICIONADO
A19: 15 | B19: Nubia Solorzano | C19: Auxiliar de Enfermería Domiciliaria | D19: =IF(B19="","",IF(B19='2. Filtros Excluyentes SI-NO'!$C$4, '2. Filtros Excluyentes SI-NO'!$G$17, "CUMPLE 100%")) -> CUMPLE 100% | E19: 35 | F19: 15.5 | G19: 24 | H19: =IF(B19="","",IF(D19<>"CUMPLE 100%",0,ROUND(E19+F19+G19,1))) -> 74.5 | I19: =IF(B19="","",IF(D19<>"CUMPLE 100%","NO IDÓNEO (DESCARTADO EN FILTROS HABILITANTES)",IF(H19>=85,"IDÓNEO SOBRESALIENTE",IF(H19>=70,"IDÓNEO CONDICIONADO","NO IDÓNEO")))) -> IDÓNEO CONDICIONADO
A20: 16 | B20: Maria Alejandra Martinez | C20: Auxiliar de Enfermería Domiciliaria | D20: =IF(B20="","",IF(B20='2. Filtros Excluyentes SI-NO'!$C$4, '2. Filtros Excluyentes SI-NO'!$G$17, "CUMPLE 100%")) -> CUMPLE 100% | E20: 34 | F20: 15 | G20: 23.5 | H20: =IF(B20="","",IF(D20<>"CUMPLE 100%",0,ROUND(E20+F20+G20,1))) -> 72.5 | I20: =IF(B20="","",IF(D20<>"CUMPLE 100%","NO IDÓNEO (DESCARTADO EN FILTROS HABILITANTES)",IF(H20>=85,"IDÓNEO SOBRESALIENTE",IF(H20>=70,"IDÓNEO CONDICIONADO","NO IDÓNEO")))) -> IDÓNEO CONDICIONADO
A21: 17 | D21: =IF(B21="","",IF(B21='2. Filtros Excluyentes SI-NO'!$C$4, '2. Filtros Excluyentes SI-NO'!$G$17, "CUMPLE 100%")) | E21: 0 | F21: 0 | G21: 0 | H21: =IF(B21="","",IF(D21<>"CUMPLE 100%",0,ROUND(E21+F21+G21,1))) | I21: =IF(B21="","",IF(D21<>"CUMPLE 100%","NO IDÓNEO (DESCARTADO EN FILTROS HABILITANTES)",IF(H21>=85,"IDÓNEO SOBRESALIENTE",IF(H21>=70,"IDÓNEO CONDICIONADO","NO IDÓNEO"))))
A22: 18 | D22: =IF(B22="","",IF(B22='2. Filtros Excluyentes SI-NO'!$C$4, '2. Filtros Excluyentes SI-NO'!$G$17, "CUMPLE 100%")) | E22: 0 | F22: 0 | G22: 0 | H22: =IF(B22="","",IF(D22<>"CUMPLE 100%",0,ROUND(E22+F22+G22,1))) | I22: =IF(B22="","",IF(D22<>"CUMPLE 100%","NO IDÓNEO (DESCARTADO EN FILTROS HABILITANTES)",IF(H22>=85,"IDÓNEO SOBRESALIENTE",IF(H22>=70,"IDÓNEO CONDICIONADO","NO IDÓNEO"))))
A23: 19 | D23: =IF(B23="","",IF(B23='2. Filtros Excluyentes SI-NO'!$C$4, '2. Filtros Excluyentes SI-NO'!$G$17, "CUMPLE 100%")) | E23: 0 | F23: 0 | G23: 0 | H23: =IF(B23="","",IF(D23<>"CUMPLE 100%",0,ROUND(E23+F23+G23,1))) | I23: =IF(B23="","",IF(D23<>"CUMPLE 100%","NO IDÓNEO (DESCARTADO EN FILTROS HABILITANTES)",IF(H23>=85,"IDÓNEO SOBRESALIENTE",IF(H23>=70,"IDÓNEO CONDICIONADO","NO IDÓNEO"))))
A24: 20 | D24: =IF(B24="","",IF(B24='2. Filtros Excluyentes SI-NO'!$C$4, '2. Filtros Excluyentes SI-NO'!$G$17, "CUMPLE 100%")) | E24: 0 | F24: 0 | G24: 0 | H24: =IF(B24="","",IF(D24<>"CUMPLE 100%",0,ROUND(E24+F24+G24,1))) | I24: =IF(B24="","",IF(D24<>"CUMPLE 100%","NO IDÓNEO (DESCARTADO EN FILTROS HABILITANTES)",IF(H24>=85,"IDÓNEO SOBRESALIENTE",IF(H24>=70,"IDÓNEO CONDICIONADO","NO IDÓNEO"))))
A25: 21 | D25: =IF(B25="","",IF(B25='2. Filtros Excluyentes SI-NO'!$C$4, '2. Filtros Excluyentes SI-NO'!$G$17, "CUMPLE 100%")) | E25: 0 | F25: 0 | G25: 0 | H25: =IF(B25="","",IF(D25<>"CUMPLE 100%",0,ROUND(E25+F25+G25,1))) | I25: =IF(B25="","",IF(D25<>"CUMPLE 100%","NO IDÓNEO (DESCARTADO EN FILTROS HABILITANTES)",IF(H25>=85,"IDÓNEO SOBRESALIENTE",IF(H25>=70,"IDÓNEO CONDICIONADO","NO IDÓNEO"))))
A26: 22 | D26: =IF(B26="","",IF(B26='2. Filtros Excluyentes SI-NO'!$C$4, '2. Filtros Excluyentes SI-NO'!$G$17, "CUMPLE 100%")) | E26: 0 | F26: 0 | G26: 0 | H26: =IF(B26="","",IF(D26<>"CUMPLE 100%",0,ROUND(E26+F26+G26,1))) | I26: =IF(B26="","",IF(D26<>"CUMPLE 100%","NO IDÓNEO (DESCARTADO EN FILTROS HABILITANTES)",IF(H26>=85,"IDÓNEO SOBRESALIENTE",IF(H26>=70,"IDÓNEO CONDICIONADO","NO IDÓNEO"))))
A27: 23 | D27: =IF(B27="","",IF(B27='2. Filtros Excluyentes SI-NO'!$C$4, '2. Filtros Excluyentes SI-NO'!$G$17, "CUMPLE 100%")) | E27: 0 | F27: 0 | G27: 0 | H27: =IF(B27="","",IF(D27<>"CUMPLE 100%",0,ROUND(E27+F27+G27,1))) | I27: =IF(B27="","",IF(D27<>"CUMPLE 100%","NO IDÓNEO (DESCARTADO EN FILTROS HABILITANTES)",IF(H27>=85,"IDÓNEO SOBRESALIENTE",IF(H27>=70,"IDÓNEO CONDICIONADO","NO IDÓNEO"))))
A28: 24 | D28: =IF(B28="","",IF(B28='2. Filtros Excluyentes SI-NO'!$C$4, '2. Filtros Excluyentes SI-NO'!$G$17, "CUMPLE 100%")) | E28: 0 | F28: 0 | G28: 0 | H28: =IF(B28="","",IF(D28<>"CUMPLE 100%",0,ROUND(E28+F28+G28,1))) | I28: =IF(B28="","",IF(D28<>"CUMPLE 100%","NO IDÓNEO (DESCARTADO EN FILTROS HABILITANTES)",IF(H28>=85,"IDÓNEO SOBRESALIENTE",IF(H28>=70,"IDÓNEO CONDICIONADO","NO IDÓNEO"))))
A29: 25 | D29: =IF(B29="","",IF(B29='2. Filtros Excluyentes SI-NO'!$C$4, '2. Filtros Excluyentes SI-NO'!$G$17, "CUMPLE 100%")) | E29: 0 | F29: 0 | G29: 0 | H29: =IF(B29="","",IF(D29<>"CUMPLE 100%",0,ROUND(E29+F29+G29,1))) | I29: =IF(B29="","",IF(D29<>"CUMPLE 100%","NO IDÓNEO (DESCARTADO EN FILTROS HABILITANTES)",IF(H29>=85,"IDÓNEO SOBRESALIENTE",IF(H29>=70,"IDÓNEO CONDICIONADO","NO IDÓNEO"))))
A30: 26 | D30: =IF(B30="","",IF(B30='2. Filtros Excluyentes SI-NO'!$C$4, '2. Filtros Excluyentes SI-NO'!$G$17, "CUMPLE 100%")) | E30: 0 | F30: 0 | G30: 0 | H30: =IF(B30="","",IF(D30<>"CUMPLE 100%",0,ROUND(E30+F30+G30,1))) | I30: =IF(B30="","",IF(D30<>"CUMPLE 100%","NO IDÓNEO (DESCARTADO EN FILTROS HABILITANTES)",IF(H30>=85,"IDÓNEO SOBRESALIENTE",IF(H30>=70,"IDÓNEO CONDICIONADO","NO IDÓNEO"))))
D31: =IF(B31="","",IF(B31='2. Filtros Excluyentes SI-NO'!$C$4, '2. Filtros Excluyentes SI-NO'!$G$17, "CUMPLE 100%")) | H31: =IF(B31="","",IF(D31<>"CUMPLE 100%",0,ROUND(E31+F31+G31,1))) | I31: =IF(B31="","",IF(D31<>"CUMPLE 100%","NO IDÓNEO (DESCARTADO EN FILTROS HABILITANTES)",IF(H31>=85,"IDÓNEO SOBRESALIENTE",IF(H31>=70,"IDÓNEO CONDICIONADO","NO IDÓNEO"))))
D32: =IF(B32="","",IF(B32='2. Filtros Excluyentes SI-NO'!$C$4, '2. Filtros Excluyentes SI-NO'!$G$17, "CUMPLE 100%")) | H32: =IF(B32="","",IF(D32<>"CUMPLE 100%",0,ROUND(E32+F32+G32,1))) | I32: =IF(B32="","",IF(D32<>"CUMPLE 100%","NO IDÓNEO (DESCARTADO EN FILTROS HABILITANTES)",IF(H32>=85,"IDÓNEO SOBRESALIENTE",IF(H32>=70,"IDÓNEO CONDICIONADO","NO IDÓNEO"))))
D33: =IF(B33="","",IF(B33='2. Filtros Excluyentes SI-NO'!$C$4, '2. Filtros Excluyentes SI-NO'!$G$17, "CUMPLE 100%")) | H33: =IF(B33="","",IF(D33<>"CUMPLE 100%",0,ROUND(E33+F33+G33,1))) | I33: =IF(B33="","",IF(D33<>"CUMPLE 100%","NO IDÓNEO (DESCARTADO EN FILTROS HABILITANTES)",IF(H33>=85,"IDÓNEO SOBRESALIENTE",IF(H33>=70,"IDÓNEO CONDICIONADO","NO IDÓNEO"))))
D34: =IF(B34="","",IF(B34='2. Filtros Excluyentes SI-NO'!$C$4, '2. Filtros Excluyentes SI-NO'!$G$17, "CUMPLE 100%")) | H34: =IF(B34="","",IF(D34<>"CUMPLE 100%",0,ROUND(E34+F34+G34,1))) | I34: =IF(B34="","",IF(D34<>"CUMPLE 100%","NO IDÓNEO (DESCARTADO EN FILTROS HABILITANTES)",IF(H34>=85,"IDÓNEO SOBRESALIENTE",IF(H34>=70,"IDÓNEO CONDICIONADO","NO IDÓNEO"))))
D35: =IF(B35="","",IF(B35='2. Filtros Excluyentes SI-NO'!$C$4, '2. Filtros Excluyentes SI-NO'!$G$17, "CUMPLE 100%")) | H35: =IF(B35="","",IF(D35<>"CUMPLE 100%",0,ROUND(E35+F35+G35,1))) | I35: =IF(B35="","",IF(D35<>"CUMPLE 100%","NO IDÓNEO (DESCARTADO EN FILTROS HABILITANTES)",IF(H35>=85,"IDÓNEO SOBRESALIENTE",IF(H35>=70,"IDÓNEO CONDICIONADO","NO IDÓNEO"))))
